DateTime,S1_Temp,S2_Temp,S3_Temp,S1_Humidity,S2_Humidity,Illuminance,Noise,CO2,Pressure
2024-01-01 00:00:00,26.7,23.5,24.7,63.5,72.1,320.8,47.3,,1008.2
2024-01-01 01:00:00,27.0,,23.4,63.9,50.5,251.0,48.9,904.0,1008.1
2024-01-01 02:00:00,25.6,27.5,26.2,68.5,53.1,,57.5,752.7,1017.5
2024-01-01 03:00:00,24.7,24.3,26.0,56.1,66.9,329.5,55.0,873.7,1005.6
2024-01-01 04:00:00,22.6,25.7,23.0,63.2,59.2,312.4,34.5,959.0,1003.8
2024-01-01 05:00:00,24.1,24.7,27.2,67.7,61.7,319.6,57.6,884.4,1017.6
2024-01-01 06:00:00,25.1,,24.0,65.7,57.6,307.7,63.5,723.3,1005.8
2024-01-01 07:00:00,26.6,,27.4,56.2,53.9,319.3,68.7,616.5,1017.5
2024-01-01 08:00:00,23.9,24.4,27.8,61.7,61.2,262.2,38.8,,1023.6
2024-01-01 09:00:00,24.7,27.0,26.9,68.4,52.5,291.3,46.0,822.2,1012.8
2024-01-01 10:00:00,23.5,24.7,,63.4,55.1,372.3,35.6,759.1,1017.4
2024-01-01 11:00:00,23.2,,25.6,52.9,59.2,216.1,57.2,789.6,1007.0
2024-01-01 12:00:00,26.0,26.7,21.9,56.1,55.5,295.2,62.3,779.8,1010.5
2024-01-01 13:00:00,25.4,,21.8,58.4,72.5,332.7,52.7,880.0,1016.6
2024-01-01 14:00:00,24.4,24.6,,61.8,64.6,346.6,58.2,609.8,1012.0
2024-01-01 15:00:00,24.1,,23.6,65.1,66.0,309.4,48.4,864.4,1015.8
2024-01-01 16:00:00,,24.4,20.4,51.5,69.7,317.6,45.1,734.8,1006.8
2024-01-01 17:00:00,23.9,24.0,22.5,65.4,58.1,260.6,37.6,,1012.4
2024-01-01 18:00:00,26.4,26.3,27.4,55.1,58.9,295.9,35.0,587.1,1010.4
2024-01-01 19:00:00,25.9,,26.6,52.2,59.8,345.8,36.8,844.8,1006.9
2024-01-01 20:00:00,25.5,,23.6,66.2,60.4,349.0,48.7,866.0,1013.1
2024-01-01 21:00:00,23.4,23.8,,60.9,59.1,392.4,33.8,924.5,1015.7
2024-01-01 22:00:00,20.1,25.8,,64.8,62.2,293.6,21.0,813.3,1018.5
2024-01-01 23:00:00,23.4,22.5,24.7,65.2,63.0,312.2,58.4,694.3,1012.7
2024-01-02 00:00:00,28.6,,25.3,57.6,64.2,282.7,65.8,867.5,1020.3
2024-01-02 01:00:00,26.3,23.3,,63.8,58.6,380.6,43.0,909.0,1008.2
2024-01-02 02:00:00,24.0,29.0,27.6,65.7,54.7,299.0,63.2,761.4,1018.9
2024-01-02 03:00:00,22.2,,23.6,55.8,64.6,227.4,47.2,758.8,1010.3
2024-01-02 04:00:00,24.8,25.1,,58.8,64.2,223.9,27.7,607.7,1006.5
2024-01-02 05:00:00,29.7,25.8,25.4,61.5,51.4,384.1,47.0,689.5,1020.9
2024-01-02 06:00:00,24.0,23.0,20.4,57.7,64.1,370.2,30.4,,1005.8
2024-01-02 07:00:00,23.5,22.5,,71.4,56.5,409.5,30.0,904.1,1002.5
2024-01-02 08:00:00,25.7,,21.8,66.2,65.8,345.9,46.0,734.5,1006.0
2024-01-02 09:00:00,24.2,,25.2,65.4,57.5,260.9,47.4,830.3,1007.6
2024-01-02 10:00:00,,23.0,25.9,56.9,60.9,231.8,36.1,906.9,1021.1
2024-01-02 11:00:00,23.8,26.1,,53.9,61.4,261.5,40.9,949.0,1017.4
2024-01-02 12:00:00,27.7,,21.2,58.1,67.2,261.7,35.7,767.5,1012.4
2024-01-02 13:00:00,,25.1,23.3,56.8,58.9,417.1,44.4,699.1,1009.1
2024-01-02 14:00:00,26.9,27.1,25.4,60.9,52.0,,26.6,648.2,1007.0
2024-01-02 15:00:00,25.5,27.3,28.6,62.4,58.1,274.1,36.1,816.8,1000.9
2024-01-02 16:00:00,,24.8,23.4,54.6,54.4,301.1,55.3,761.8,1010.6
2024-01-02 17:00:00,25.4,26.6,23.2,71.0,52.8,315.7,33.8,697.4,1008.7
2024-01-02 18:00:00,25.0,28.5,,60.4,59.3,255.9,34.5,867.0,1014.7
2024-01-02 19:00:00,29.1,,24.8,59.8,54.0,192.3,45.2,770.4,1012.5
2024-01-02 20:00:00,26.6,23.6,24.5,65.9,62.9,384.5,34.3,812.7,1011.7
2024-01-02 21:00:00,26.3,23.1,,56.9,52.4,226.7,57.9,872.8,1006.1
2024-01-02 22:00:00,21.5,,26.0,53.7,62.4,302.2,41.4,589.0,1019.4
2024-01-02 23:00:00,22.3,,24.5,60.8,60.2,277.3,38.0,797.0,1016.9
2024-01-03 00:00:00,26.8,29.3,22.5,56.5,55.6,319.9,29.7,,1012.6
2024-01-03 01:00:00,22.3,,24.1,66.7,54.0,372.3,44.5,952.4,1010.9
2024-01-03 02:00:00,26.9,27.0,,66.0,57.8,304.8,44.5,856.3,1014.0
2024-01-03 03:00:00,23.3,28.5,22.8,58.5,59.9,337.3,36.3,950.4,1014.7
2024-01-03 04:00:00,26.3,,24.9,54.3,65.7,264.5,39.3,786.8,1017.0
2024-01-03 05:00:00,25.5,29.0,24.8,64.1,63.3,370.9,41.2,891.0,1008.0
2024-01-03 06:00:00,25.7,,24.9,58.9,53.8,210.6,66.8,692.2,1012.0
2024-01-03 07:00:00,22.0,22.9,26.0,60.4,58.9,,38.7,760.4,1013.7
2024-01-03 08:00:00,28.1,19.7,23.9,56.9,60.0,221.9,45.9,756.3,1014.0
2024-01-03 09:00:00,27.1,26.8,23.5,51.2,53.5,322.5,33.1,888.1,1014.1
2024-01-03 10:00:00,,24.2,25.2,50.3,62.9,237.5,52.2,831.2,1012.7
2024-01-03 11:00:00,23.3,26.1,21.1,64.7,58.7,289.0,25.1,928.1,1011.5
2024-01-03 12:00:00,28.3,,23.6,55.8,60.4,319.4,55.0,860.3,1000.6
2024-01-03 13:00:00,22.6,26.6,,63.1,66.2,262.5,45.9,936.7,1019.6
2024-01-03 14:00:00,28.4,23.5,26.3,69.7,62.1,233.4,50.2,795.3,1012.5
2024-01-03 15:00:00,22.4,,25.6,67.7,63.1,280.4,32.2,787.4,1020.5
2024-01-03 16:00:00,22.2,24.8,28.2,56.4,64.3,355.8,42.3,790.4,1024.0
2024-01-03 17:00:00,25.5,23.3,23.9,54.0,55.5,,43.6,818.2,1008.2
2024-01-03 18:00:00,27.7,24.7,25.6,67.6,50.9,342.1,50.2,729.9,1002.4
2024-01-03 19:00:00,27.6,23.7,25.0,57.2,61.4,293.4,51.0,954.5,1007.4
2024-01-03 20:00:00,22.0,29.1,24.1,64.4,59.4,231.2,45.3,737.5,1013.5
2024-01-03 21:00:00,21.8,,25.6,57.0,65.4,292.8,51.7,848.8,1014.6
2024-01-03 22:00:00,25.8,27.0,,59.5,68.9,244.3,41.3,825.6,1010.8
2024-01-03 23:00:00,25.3,26.9,22.8,59.1,58.7,202.9,51.7,823.9,1007.0
2024-01-04 00:00:00,21.4,25.7,,50.0,58.6,278.4,44.6,725.8,1015.4
2024-01-04 01:00:00,23.9,,26.8,59.4,43.4,226.1,41.7,739.6,1012.2
2024-01-04 02:00:00,27.8,,25.0,61.2,56.6,306.7,57.0,547.9,1015.6
2024-01-04 03:00:00,26.0,26.3,25.4,62.5,52.7,266.6,37.8,827.4,1019.1
2024-01-04 04:00:00,23.7,25.6,,58.1,48.0,261.0,41.0,874.6,1007.1
2024-01-04 05:00:00,23.7,,22.5,57.7,55.8,231.2,51.4,748.4,1012.0
2024-01-04 06:00:00,22.8,,27.3,53.8,63.9,306.5,58.1,620.9,1011.7
2024-01-04 07:00:00,,27.0,26.4,73.4,59.9,272.9,52.7,920.9,1011.4
2024-01-04 08:00:00,24.6,,23.8,60.2,59.0,335.8,46.9,784.3,1015.4
2024-01-04 09:00:00,23.3,26.7,25.8,60.9,61.8,373.4,37.6,674.1,1012.2
2024-01-04 10:00:00,25.2,23.0,21.2,51.8,55.9,337.8,27.9,667.4,1009.3
2024-01-04 11:00:00,,23.6,23.2,62.9,68.3,308.9,47.7,734.2,1011.2
2024-01-04 12:00:00,19.2,25.2,22.2,66.4,58.9,385.2,46.9,910.5,1011.0
2024-01-04 13:00:00,23.6,26.0,24.6,54.1,57.3,355.2,35.2,670.8,1024.1
2024-01-04 14:00:00,23.4,26.7,23.0,52.3,61.2,363.6,46.9,887.3,1012.3
2024-01-04 15:00:00,24.6,27.6,27.2,61.6,51.3,399.0,54.4,782.9,1015.2
2024-01-04 16:00:00,23.1,22.8,24.9,65.1,54.8,375.8,50.5,810.6,1021.6
2024-01-04 17:00:00,21.6,25.3,26.5,51.4,56.5,296.9,40.1,,1016.5
2024-01-04 18:00:00,27.2,25.1,25.1,61.8,67.6,193.8,55.8,730.6,1003.4
2024-01-04 19:00:00,26.3,24.6,23.0,64.9,64.0,242.3,37.5,842.9,1014.0
2024-01-04 20:00:00,25.2,23.7,,57.5,58.1,301.7,62.2,810.4,1011.7
2024-01-04 21:00:00,,26.7,25.9,59.2,60.8,303.7,54.2,786.2,1012.4
2024-01-04 22:00:00,22.3,27.7,,63.4,55.6,323.4,60.9,849.4,1011.9
2024-01-04 23:00:00,24.8,24.6,29.1,62.3,52.6,359.8,43.5,708.0,1019.3
2024-01-05 00:00:00,26.6,23.7,25.7,48.1,56.2,304.7,51.7,632.7,1009.9
2024-01-05 01:00:00,27.9,21.9,23.4,70.8,57.3,298.9,48.5,636.5,1012.3
2024-01-05 02:00:00,28.0,,24.8,62.1,59.9,219.2,62.1,827.7,1007.5
2024-01-05 03:00:00,26.1,24.8,27.8,58.9,56.2,310.2,42.4,705.8,1015.1
2024-01-05 04:00:00,28.8,27.2,24.6,60.8,66.6,332.3,58.5,778.3,1009.4
2024-01-05 05:00:00,25.2,29.2,28.0,58.4,59.2,323.7,54.4,860.2,1017.4
2024-01-05 06:00:00,24.9,26.8,26.2,63.6,77.3,,50.7,692.4,1015.2
2024-01-05 07:00:00,28.8,22.4,23.8,67.2,63.3,318.6,40.6,689.8,1018.3
2024-01-05 08:00:00,28.3,27.9,23.6,53.7,67.2,249.9,42.8,706.5,1015.1
2024-01-05 09:00:00,27.3,25.4,21.1,56.5,61.4,355.0,47.2,,1017.1
2024-01-05 10:00:00,26.0,23.2,,54.1,65.8,265.8,41.3,807.8,1005.9
2024-01-05 11:00:00,26.0,26.3,23.5,69.8,55.2,356.6,39.6,652.4,1013.7
2024-01-05 12:00:00,23.3,24.5,25.2,55.8,59.9,274.1,35.0,758.7,1021.3
2024-01-05 13:00:00,25.2,24.6,24.5,65.4,51.0,259.6,28.7,767.7,1009.1
2024-01-05 14:00:00,24.0,20.1,,60.8,61.3,338.8,52.9,847.7,1014.7
2024-01-05 15:00:00,26.1,27.1,22.4,50.2,61.3,324.4,44.5,791.8,1004.8
2024-01-05 16:00:00,28.5,22.4,23.5,60.4,67.2,,52.1,705.7,1002.8
2024-01-05 17:00:00,27.5,25.6,26.0,60.7,65.4,358.7,46.9,866.1,1020.3
2024-01-05 18:00:00,25.5,24.4,,62.1,61.2,301.0,57.0,762.7,1018.6
2024-01-05 19:00:00,26.3,27.2,24.9,57.2,64.8,233.3,46.9,735.7,1010.8
2024-01-05 20:00:00,26.0,19.5,27.7,64.8,53.6,340.1,42.7,911.8,1006.2
2024-01-05 21:00:00,25.1,23.7,,54.3,67.3,289.5,48.0,805.2,1020.3
2024-01-05 22:00:00,25.3,,27.5,64.6,61.1,281.4,23.7,848.3,1018.5
2024-01-05 23:00:00,,24.2,26.3,57.0,57.3,347.9,61.1,690.5,1012.2
2024-01-06 00:00:00,23.7,23.6,23.7,66.5,63.8,222.2,39.0,812.7,1010.8
2024-01-06 01:00:00,,27.1,24.5,55.0,60.1,290.8,55.6,674.9,1012.5
2024-01-06 02:00:00,25.3,,23.9,52.0,64.0,310.1,39.9,775.0,1013.6
2024-01-06 03:00:00,28.8,23.3,,53.4,57.3,333.8,58.7,882.6,1007.6
2024-01-06 04:00:00,26.4,24.1,23.6,54.8,64.1,295.3,43.6,692.6,1012.5
2024-01-06 05:00:00,23.2,25.0,22.5,57.3,62.1,293.2,46.7,865.9,1010.1
2024-01-06 06:00:00,,24.9,26.2,60.0,63.9,281.2,35.7,854.0,999.4
2024-01-06 07:00:00,23.8,28.1,25.2,60.3,52.0,362.5,45.2,931.8,1009.2
2024-01-06 08:00:00,24.7,26.7,26.3,58.6,59.4,250.6,54.9,717.4,1007.0
2024-01-06 09:00:00,22.6,25.0,26.8,56.4,66.0,329.5,46.6,,1011.6
2024-01-06 10:00:00,27.6,24.1,,62.5,60.8,252.4,56.2,725.0,1012.7
2024-01-06 11:00:00,22.0,23.8,24.2,65.3,58.4,280.1,34.8,894.8,1013.5
2024-01-06 12:00:00,24.8,23.6,21.8,59.7,60.7,343.6,34.4,943.8,1016.8
2024-01-06 13:00:00,28.8,,27.2,61.0,59.4,372.1,52.4,732.7,1008.9
2024-01-06 14:00:00,24.8,24.8,23.7,62.8,63.0,269.4,39.4,,1016.6
2024-01-06 15:00:00,,26.1,27.1,51.6,56.3,299.9,58.8,887.0,1010.4
2024-01-06 16:00:00,26.2,,27.2,54.2,62.7,278.0,48.7,805.6,1009.8
2024-01-06 17:00:00,21.1,,21.4,59.9,49.8,399.4,36.1,839.0,1008.7
2024-01-06 18:00:00,26.2,,25.0,56.1,55.5,289.3,46.8,739.2,1019.1
2024-01-06 19:00:00,22.4,24.6,,59.3,64.5,314.0,45.7,771.0,1011.5
2024-01-06 20:00:00,,26.4,26.6,67.9,55.3,302.3,66.4,846.6,1016.8
2024-01-06 21:00:00,25.3,22.4,25.9,53.2,67.0,350.9,56.2,700.4,1017.8
2024-01-06 22:00:00,28.9,,26.0,59.2,57.3,322.2,44.1,916.0,1005.5
2024-01-06 23:00:00,,27.9,23.1,55.5,64.5,331.4,46.8,972.5,1015.8
2024-01-07 00:00:00,25.7,,23.4,58.2,61.3,378.3,41.9,715.9,1019.7
2024-01-07 01:00:00,20.8,27.6,,59.9,62.9,276.8,42.5,861.2,1019.0
2024-01-07 02:00:00,27.3,26.9,,57.2,60.1,199.1,58.7,713.2,1011.0
2024-01-07 03:00:00,26.0,,24.2,66.3,58.1,298.1,48.9,748.8,1014.0
2024-01-07 04:00:00,27.0,,23.1,62.5,56.0,404.4,54.5,693.2,1005.8
2024-01-07 05:00:00,27.7,27.1,25.0,63.5,54.7,284.3,40.5,743.4,1009.6
2024-01-07 06:00:00,26.3,24.5,25.6,53.5,66.5,349.7,25.7,839.2,1011.0
2024-01-07 07:00:00,25.1,,28.5,59.7,62.1,353.8,53.8,720.2,1006.7
2024-01-07 08:00:00,25.0,,25.6,65.7,61.0,317.9,33.0,893.7,1016.4
2024-01-07 09:00:00,25.2,,26.2,59.5,62.4,269.8,60.8,949.5,1018.6
2024-01-07 10:00:00,22.8,,22.5,67.5,56.5,314.9,39.2,844.0,1011.4
2024-01-07 11:00:00,23.8,26.0,24.6,58.4,68.0,272.0,41.7,781.0,1012.6
2024-01-07 12:00:00,24.2,25.9,25.2,62.7,58.8,261.2,51.5,946.4,1008.7
2024-01-07 13:00:00,,26.3,27.0,61.6,53.3,342.1,59.2,611.5,1013.5
2024-01-07 14:00:00,28.2,26.9,21.1,64.5,55.2,270.8,53.6,839.2,1021.5
2024-01-07 15:00:00,,24.5,25.0,53.8,60.3,212.3,47.4,917.1,1008.1
2024-01-07 16:00:00,26.8,,26.0,50.3,57.2,287.4,38.7,675.9,1005.4
2024-01-07 17:00:00,,25.0,23.7,56.8,63.2,345.6,35.8,729.3,1011.7
2024-01-07 18:00:00,19.7,24.0,24.8,50.5,64.6,206.6,33.8,798.4,1005.0
2024-01-07 19:00:00,25.6,25.7,27.0,60.4,60.8,303.4,40.4,928.4,1019.6
2024-01-07 20:00:00,23.0,29.4,27.5,66.7,50.6,359.2,53.5,795.2,1008.3
2024-01-07 21:00:00,25.6,25.0,,61.3,59.3,324.3,47.8,807.1,1011.1
2024-01-07 22:00:00,,27.8,25.8,55.0,71.3,274.1,50.7,893.2,1015.1
2024-01-07 23:00:00,,22.0,23.4,64.4,63.0,268.5,35.5,906.1,1008.0
2024-01-08 00:00:00,,26.0,26.2,58.4,54.7,308.4,44.2,830.0,1003.6
2024-01-08 01:00:00,26.7,23.9,23.1,65.7,53.4,216.4,49.3,917.1,1017.8
2024-01-08 02:00:00,24.7,31.3,,62.3,64.8,271.0,50.4,778.2,1012.5
2024-01-08 03:00:00,26.7,,26.2,53.4,63.0,334.7,43.5,688.9,1006.2
2024-01-08 04:00:00,23.9,28.6,,62.9,73.1,230.2,61.7,796.2,1012.9
2024-01-08 05:00:00,21.0,25.2,,62.2,62.0,317.7,66.7,755.9,1017.9
2024-01-08 06:00:00,22.8,20.2,24.9,71.0,60.8,232.6,39.3,759.1,1005.1
2024-01-08 07:00:00,23.3,26.6,23.3,55.8,61.8,263.6,52.9,809.4,1007.4
2024-01-08 08:00:00,,24.3,24.4,59.2,57.9,228.5,55.5,671.3,1007.4
2024-01-08 09:00:00,26.9,,20.2,54.5,58.2,243.4,54.7,726.6,1005.5
2024-01-08 10:00:00,24.2,22.2,27.9,65.7,69.2,,37.9,754.5,1010.8
2024-01-08 11:00:00,25.0,24.5,22.9,53.9,61.0,352.9,70.0,839.1,1009.2
2024-01-08 12:00:00,25.4,26.1,,65.2,57.8,239.2,33.0,729.9,1014.9
2024-01-08 13:00:00,24.3,,21.1,63.3,56.4,261.5,35.3,847.9,1011.9
2024-01-08 14:00:00,24.5,29.3,,62.0,59.7,200.1,23.4,673.5,1007.1
2024-01-08 15:00:00,22.4,,22.5,58.9,59.9,323.9,21.2,766.1,1019.7
2024-01-08 16:00:00,25.0,27.6,,56.4,57.6,386.1,38.1,824.2,1010.5
2024-01-08 17:00:00,25.1,22.8,21.7,59.9,67.8,276.4,45.5,892.5,1015.4
2024-01-08 18:00:00,25.3,,24.9,63.3,59.4,328.8,58.2,767.6,1014.0
2024-01-08 19:00:00,23.6,,24.5,55.4,58.1,272.4,30.4,804.0,1015.2
2024-01-08 20:00:00,21.5,24.8,,67.9,60.1,293.3,47.0,772.6,1001.6
2024-01-08 21:00:00,23.0,25.8,25.6,58.5,64.9,295.4,37.7,,1013.0
2024-01-08 22:00:00,26.2,23.1,24.2,50.9,57.3,,44.3,760.0,1014.6
2024-01-08 23:00:00,23.2,25.8,,63.7,62.9,348.9,42.1,814.2,1010.7
2024-01-09 00:00:00,28.5,,25.5,62.4,55.1,232.0,40.2,991.1,1015.7
2024-01-09 01:00:00,,23.6,24.7,63.5,66.9,328.1,48.8,769.0,1013.7
2024-01-09 02:00:00,,22.7,25.3,57.3,55.9,288.0,36.4,819.2,1013.7
2024-01-09 03:00:00,24.3,22.5,28.9,59.8,52.1,319.8,52.1,782.2,1011.9
2024-01-09 04:00:00,25.7,,24.0,56.6,61.6,216.7,45.4,639.6,1006.5
2024-01-09 05:00:00,24.5,23.6,27.6,62.6,65.7,358.3,53.5,624.6,1011.6
2024-01-09 06:00:00,,24.0,27.5,66.0,58.5,254.8,39.1,818.7,1009.3
2024-01-09 07:00:00,26.8,24.2,24.2,49.0,64.6,305.1,49.6,843.0,1014.2
2024-01-09 08:00:00,25.3,24.9,22.4,62.2,62.2,347.9,40.9,752.1,1005.6
2024-01-09 09:00:00,24.8,27.2,28.8,61.0,61.1,191.5,38.0,1066.3,1010.5
2024-01-09 10:00:00,24.3,22.1,,49.6,50.9,378.6,39.5,726.1,1002.3
2024-01-09 11:00:00,20.7,,27.4,59.4,66.5,316.2,62.8,835.1,1007.3
2024-01-09 12:00:00,25.9,26.8,23.9,57.1,64.2,,28.5,913.7,1016.2
2024-01-09 13:00:00,25.5,,26.6,49.8,70.1,293.1,35.6,717.2,1014.2
2024-01-09 14:00:00,25.2,25.5,21.6,63.7,63.6,226.9,53.2,768.3,1019.3
2024-01-09 15:00:00,,21.1,22.9,58.8,57.6,241.3,41.0,752.1,1008.9
2024-01-09 16:00:00,23.4,,24.4,58.6,62.1,243.1,56.3,705.0,1004.5
2024-01-09 17:00:00,23.2,27.1,27.9,60.3,56.5,,40.7,730.3,1020.4
2024-01-09 18:00:00,24.7,,23.0,55.9,58.4,224.9,53.9,991.8,1014.4
2024-01-09 19:00:00,30.2,25.7,20.9,59.8,60.6,300.0,42.3,,1016.8
2024-01-09 20:00:00,24.1,,25.5,61.8,55.4,354.0,46.0,758.6,1014.8
2024-01-09 21:00:00,25.5,25.5,,61.6,56.4,337.8,39.8,725.7,1014.3
2024-01-09 22:00:00,24.1,22.7,28.2,66.2,52.0,243.6,65.3,619.5,1010.0
2024-01-09 23:00:00,23.7,21.4,25.2,60.9,59.4,325.1,29.2,926.9,1010.0
2024-01-10 00:00:00,25.3,26.2,,60.0,59.0,360.0,44.6,724.0,999.5
2024-01-10 01:00:00,26.3,26.2,23.2,54.7,58.2,308.7,52.4,795.0,1003.3
2024-01-10 02:00:00,25.6,,26.3,64.6,61.2,321.6,40.5,772.8,1017.9
2024-01-10 03:00:00,24.9,,27.0,62.0,57.3,305.8,38.9,886.6,1017.3
2024-01-10 04:00:00,23.6,,26.0,63.2,63.3,299.8,55.8,629.6,1019.5
2024-01-10 05:00:00,,24.5,25.0,59.5,64.9,360.6,43.9,835.7,1011.2
2024-01-10 06:00:00,25.7,,26.1,69.1,58.8,291.4,48.4,638.0,1011.7
2024-01-10 07:00:00,26.5,24.1,25.4,61.0,61.1,270.9,28.9,764.9,1010.7
2024-01-10 08:00:00,23.4,24.4,25.3,58.1,55.0,260.5,55.2,715.7,1010.3
2024-01-10 09:00:00,27.7,,25.8,52.6,62.3,366.2,56.7,849.2,1017.6
2024-01-10 10:00:00,24.3,,22.7,68.2,51.1,320.9,36.2,848.9,1004.6
2024-01-10 11:00:00,,27.9,24.6,63.1,63.7,310.5,49.5,958.3,1016.1
2024-01-10 12:00:00,27.2,,22.9,60.9,52.8,299.2,41.1,869.2,1011.9
2024-01-10 13:00:00,25.1,,26.1,63.5,59.6,288.7,60.2,786.5,1014.3
2024-01-10 14:00:00,,22.1,29.8,56.7,65.4,314.9,44.6,732.5,1013.2
2024-01-10 15:00:00,22.4,25.6,20.5,65.0,58.2,345.4,58.5,910.7,1010.9
2024-01-10 16:00:00,21.8,,29.2,66.1,44.6,258.0,38.6,786.4,1013.0
2024-01-10 17:00:00,,23.4,25.8,52.2,59.3,203.2,54.8,719.8,1016.0
2024-01-10 18:00:00,24.6,25.5,23.4,62.9,59.1,369.1,46.2,840.3,1021.1
2024-01-10 19:00:00,19.2,,24.6,61.4,63.3,378.7,41.4,710.1,1013.9
2024-01-10 20:00:00,,25.1,24.9,60.4,60.4,245.1,39.7,749.5,1013.9
2024-01-10 21:00:00,21.7,25.0,23.7,59.8,66.4,326.0,63.0,717.7,1014.3
2024-01-10 22:00:00,23.4,22.0,25.0,51.6,58.5,296.9,42.8,663.4,1011.5
2024-01-10 23:00:00,28.1,,24.7,63.5,62.0,291.9,36.3,842.1,1011.3
2024-01-11 00:00:00,29.4,,20.8,63.0,69.2,312.7,36.8,901.2,1018.9
2024-01-11 01:00:00,,24.9,26.7,67.7,61.6,330.8,43.3,831.1,1015.6
2024-01-11 02:00:00,26.9,,24.0,52.0,66.1,211.0,50.0,812.2,1021.2
2024-01-11 03:00:00,26.9,24.3,24.6,55.8,60.8,305.8,44.0,976.6,1021.8
2024-01-11 04:00:00,,24.6,24.5,54.2,57.4,365.8,58.9,706.4,1002.7
2024-01-11 05:00:00,28.9,24.4,23.9,60.9,58.4,301.5,26.9,755.7,1011.1
2024-01-11 06:00:00,23.2,25.4,25.0,59.4,57.1,309.0,43.4,697.3,1014.1
2024-01-11 07:00:00,24.7,,27.1,51.1,55.8,291.3,54.8,926.6,1021.6
2024-01-11 08:00:00,26.1,,24.1,57.9,58.8,305.1,45.7,824.1,1016.8
2024-01-11 09:00:00,24.2,,25.1,66.1,54.7,240.9,50.3,966.0,1020.3
2024-01-11 10:00:00,27.3,30.5,22.5,53.2,66.5,303.1,61.6,833.8,1018.6
2024-01-11 11:00:00,22.9,24.3,24.2,70.3,60.0,354.7,48.1,766.3,1015.4
2024-01-11 12:00:00,26.2,,24.9,58.0,62.7,298.2,44.8,798.7,1017.4
2024-01-11 13:00:00,26.6,24.4,27.8,51.3,54.6,269.7,45.0,738.1,1008.5
2024-01-11 14:00:00,24.6,24.5,28.8,55.8,54.7,236.1,27.2,892.2,1017.2
2024-01-11 15:00:00,24.9,27.5,23.4,57.9,51.6,286.5,27.4,761.2,1010.3
2024-01-11 16:00:00,26.3,25.3,24.6,59.9,60.7,,43.9,786.2,1012.9
2024-01-11 17:00:00,21.4,23.3,24.5,54.4,58.4,288.1,37.6,880.5,1016.7
2024-01-11 18:00:00,25.9,,24.1,61.2,60.4,322.6,33.3,608.0,1012.8
2024-01-11 19:00:00,28.4,25.6,24.8,68.6,60.8,326.2,35.5,841.8,1010.1
2024-01-11 20:00:00,24.6,,24.8,60.8,54.5,189.1,51.4,900.5,1014.3
2024-01-11 21:00:00,23.4,26.8,24.4,54.8,59.9,272.0,51.5,,1019.8
2024-01-11 22:00:00,25.1,,23.8,63.1,61.5,385.9,55.9,874.7,1019.7
2024-01-11 23:00:00,25.0,25.5,22.6,59.6,56.7,,35.9,931.9,1008.8
2024-01-12 00:00:00,,25.1,24.8,59.0,59.8,350.9,47.5,730.4,1022.9
2024-01-12 01:00:00,24.4,28.5,,56.1,57.0,246.5,55.3,988.7,1021.6
2024-01-12 02:00:00,26.6,,24.5,54.4,53.7,284.0,41.1,877.8,1015.1
2024-01-12 03:00:00,27.3,27.0,26.2,60.3,56.9,307.2,37.2,867.5,1009.9
2024-01-12 04:00:00,26.6,27.2,23.2,59.4,52.9,250.5,49.8,708.9,1013.0
2024-01-12 05:00:00,24.2,24.3,23.9,64.3,56.9,312.1,43.4,789.2,1015.1
2024-01-12 06:00:00,26.4,23.8,,57.4,55.3,367.4,41.3,792.9,1007.1
2024-01-12 07:00:00,23.1,25.3,25.0,62.0,58.9,341.0,65.6,656.7,1016.8
2024-01-12 08:00:00,24.4,,22.0,57.1,58.6,258.8,34.7,852.4,1014.0
2024-01-12 09:00:00,22.5,25.9,,65.4,53.0,264.1,55.3,727.9,1015.6
2024-01-12 10:00:00,24.2,21.8,23.0,55.8,58.1,306.0,52.3,812.3,1015.7
2024-01-12 11:00:00,23.8,,22.1,59.5,58.9,276.0,40.4,869.2,1011.8
2024-01-12 12:00:00,26.5,,25.5,53.5,68.0,279.0,60.2,722.1,1017.6
2024-01-12 13:00:00,23.8,23.8,,59.7,62.4,299.5,53.7,688.7,1010.9
2024-01-12 14:00:00,21.0,27.3,22.0,62.5,56.8,255.9,46.1,947.1,1012.2
2024-01-12 15:00:00,22.7,25.9,25.5,69.5,53.6,408.9,29.7,874.0,1014.3
2024-01-12 16:00:00,22.5,27.5,27.4,59.4,59.7,,52.5,892.1,1005.8
2024-01-12 17:00:00,27.1,22.4,25.8,53.2,52.5,326.0,45.4,,1019.3
2024-01-12 18:00:00,24.4,,25.1,57.4,57.5,312.0,44.0,704.7,1016.6
2024-01-12 19:00:00,26.3,27.0,25.1,64.6,55.5,278.1,43.0,695.9,1018.1
2024-01-12 20:00:00,24.7,22.0,,62.5,58.1,255.8,42.9,660.1,1013.1
2024-01-12 21:00:00,22.0,22.1,27.5,59.8,64.8,352.7,26.6,747.1,1010.3
2024-01-12 22:00:00,21.9,23.3,26.3,63.8,63.9,304.4,56.9,708.3,1013.2
2024-01-12 23:00:00,25.5,22.8,,61.5,67.7,269.9,44.6,850.8,1016.6
2024-01-13 00:00:00,23.7,26.5,25.0,59.0,57.5,,69.1,621.4,1014.3
2024-01-13 01:00:00,27.2,22.9,22.2,55.1,73.7,246.2,54.2,732.4,1011.3
2024-01-13 02:00:00,25.8,25.9,25.1,62.5,63.6,,62.3,830.8,1004.3
2024-01-13 03:00:00,21.7,24.5,25.1,65.0,57.4,274.6,61.5,795.8,1008.4
2024-01-13 04:00:00,23.7,26.7,25.2,62.2,59.5,,54.9,838.0,1019.2
2024-01-13 05:00:00,24.6,24.9,26.2,47.1,51.9,,42.6,806.1,1011.2
2024-01-13 06:00:00,26.0,26.9,,67.5,64.2,294.1,53.5,1128.4,1009.6
2024-01-13 07:00:00,25.8,26.7,,62.0,60.7,321.1,43.0,676.2,1020.1
2024-01-13 08:00:00,24.4,24.6,22.4,61.5,50.7,340.7,47.6,,1017.7
2024-01-13 09:00:00,25.6,,24.2,57.0,61.6,311.8,30.2,713.2,1011.2
2024-01-13 10:00:00,25.9,,23.4,64.5,57.3,279.6,43.8,770.2,1016.3
2024-01-13 11:00:00,,25.1,25.9,62.2,64.2,348.3,48.5,872.5,1019.4
2024-01-13 12:00:00,25.5,23.8,23.7,59.0,61.8,296.6,41.9,744.5,1017.8
2024-01-13 13:00:00,25.5,23.1,22.0,56.1,56.4,303.1,27.5,672.5,1014.6
2024-01-13 14:00:00,24.9,21.1,24.8,62.5,66.8,258.3,53.1,745.9,1015.6
2024-01-13 15:00:00,26.8,26.7,,59.8,64.8,361.5,40.1,681.3,1009.8
2024-01-13 16:00:00,,25.0,24.8,51.5,60.7,365.2,45.1,748.6,1019.4
2024-01-13 17:00:00,23.3,24.8,20.5,58.0,63.4,262.5,36.7,672.3,1007.2
2024-01-13 18:00:00,26.2,26.1,,48.5,54.3,311.5,36.3,633.1,1008.9
2024-01-13 19:00:00,25.1,23.0,25.2,62.1,56.8,293.1,36.4,726.9,1014.2
2024-01-13 20:00:00,28.8,,28.0,67.9,59.4,333.5,52.4,652.0,1015.4
2024-01-13 21:00:00,25.2,20.1,24.9,59.9,60.8,333.5,46.7,986.6,1009.0
2024-01-13 22:00:00,25.0,26.6,24.5,66.4,64.2,306.2,23.7,798.6,1005.6
2024-01-13 23:00:00,27.0,24.9,21.1,65.1,67.3,214.4,27.4,914.0,1015.5
2024-01-14 00:00:00,23.8,,25.3,64.9,62.4,279.3,42.8,1037.4,1013.4
2024-01-14 01:00:00,27.1,26.0,26.5,61.4,58.2,323.0,37.8,,1013.0
2024-01-14 02:00:00,22.7,25.7,,60.5,57.0,172.6,41.8,755.1,1025.5
2024-01-14 03:00:00,26.6,22.9,21.0,63.4,61.8,277.8,50.6,774.5,1022.1
2024-01-14 04:00:00,25.5,24.7,,61.6,61.7,290.8,20.6,871.2,1018.7
2024-01-14 05:00:00,25.2,,25.2,57.7,52.5,398.5,51.1,708.7,1017.9
2024-01-14 06:00:00,29.1,25.9,,63.3,60.3,285.1,35.7,833.0,1008.7
2024-01-14 07:00:00,25.3,22.0,24.6,52.7,63.3,291.9,35.8,821.7,1009.7
2024-01-14 08:00:00,22.9,23.3,28.0,55.1,45.9,365.3,55.7,682.6,1007.9
2024-01-14 09:00:00,26.0,29.2,25.1,59.7,51.6,324.2,42.7,966.9,1014.8
2024-01-14 10:00:00,22.5,,25.2,64.2,59.6,269.6,35.9,729.6,1008.1
2024-01-14 11:00:00,25.7,,28.7,54.7,63.8,317.7,38.8,562.1,1020.0
2024-01-14 12:00:00,25.9,24.2,27.3,61.3,58.6,259.1,44.4,942.9,1016.9
2024-01-14 13:00:00,25.0,26.7,24.2,65.7,68.2,292.0,37.2,813.4,1019.5
2024-01-14 14:00:00,24.7,26.8,24.5,52.5,56.4,,56.2,768.7,1003.6
2024-01-14 15:00:00,25.6,,24.7,58.1,59.3,283.4,42.2,746.9,1015.2
2024-01-14 16:00:00,26.8,,22.2,60.5,55.7,356.3,35.8,823.1,1004.4
2024-01-14 17:00:00,25.4,24.6,,58.9,60.6,307.7,49.9,840.2,1015.8
2024-01-14 18:00:00,24.8,,26.4,51.9,66.7,361.0,50.6,715.6,1015.5
2024-01-14 19:00:00,,25.4,28.8,54.0,69.4,300.6,44.4,645.4,1008.6
2024-01-14 20:00:00,,26.4,26.0,66.1,62.7,302.0,30.5,959.1,1018.9
2024-01-14 21:00:00,25.0,,24.8,58.2,59.6,305.2,50.7,838.5,1008.8
2024-01-14 22:00:00,26.2,,26.5,58.8,58.9,271.7,33.7,1049.2,1020.3
2024-01-14 23:00:00,26.3,,22.2,52.6,66.3,275.2,44.4,722.8,1008.4
2024-01-15 00:00:00,27.2,24.7,22.7,60.6,58.8,291.5,34.7,,1008.4
2024-01-15 01:00:00,25.7,24.3,,63.1,61.0,343.1,37.5,658.3,1021.4
2024-01-15 02:00:00,21.9,25.4,,60.3,55.0,377.8,48.3,845.5,1018.1
2024-01-15 03:00:00,23.9,25.6,22.1,53.6,66.8,346.9,41.8,,1006.6
2024-01-15 04:00:00,24.6,26.4,24.6,70.5,57.0,356.4,36.4,683.4,1016.5
2024-01-15 05:00:00,22.9,,26.3,64.2,61.6,280.4,44.8,742.9,1024.5
2024-01-15 06:00:00,23.9,25.9,21.2,59.8,60.3,258.0,40.3,766.8,1011.4
2024-01-15 07:00:00,23.5,28.2,,60.1,62.3,302.0,55.2,649.1,1014.4
2024-01-15 08:00:00,28.0,,23.9,61.8,62.7,360.5,33.7,636.0,1015.5
2024-01-15 09:00:00,,26.1,23.1,64.1,62.2,365.6,59.0,808.9,1010.3
2024-01-15 10:00:00,25.2,,23.5,58.8,57.0,226.4,44.1,861.5,1010.2
2024-01-15 11:00:00,26.0,27.8,23.5,61.1,61.6,358.5,41.3,,1020.4
2024-01-15 12:00:00,24.6,27.6,27.9,60.1,64.6,433.1,63.5,818.7,1019.6
2024-01-15 13:00:00,28.6,26.1,24.5,55.9,56.5,323.5,52.0,880.9,1023.6
2024-01-15 14:00:00,23.1,22.5,25.2,66.0,48.3,222.8,26.9,,1008.2
2024-01-15 15:00:00,20.4,,29.2,59.8,62.8,361.6,61.2,753.8,1006.1
2024-01-15 16:00:00,25.8,,24.1,60.4,55.6,272.2,57.0,885.1,1016.2
2024-01-15 17:00:00,22.9,,24.7,60.8,65.0,286.0,54.1,737.6,1009.7
2024-01-15 18:00:00,29.1,,23.3,59.6,55.5,326.0,51.1,771.7,1011.3
2024-01-15 19:00:00,22.7,25.9,26.0,55.4,60.6,246.2,40.2,745.1,1015.2
2024-01-15 20:00:00,,27.0,28.0,62.4,55.5,233.5,25.1,741.2,1010.3
2024-01-15 21:00:00,29.2,24.2,26.4,54.5,64.7,226.9,38.2,710.6,1016.2
2024-01-15 22:00:00,27.9,21.7,23.5,57.7,65.4,279.6,37.1,1015.7,1018.1
2024-01-15 23:00:00,25.0,27.8,,65.4,65.6,330.2,46.3,929.0,1017.3
2024-01-16 00:00:00,21.7,26.3,24.0,55.4,57.6,293.2,38.9,884.1,1012.1
2024-01-16 01:00:00,27.9,28.0,,62.0,57.6,289.9,42.3,795.1,1007.8
2024-01-16 02:00:00,26.2,,21.4,57.1,62.7,324.2,56.2,813.0,1014.4
2024-01-16 03:00:00,27.8,23.8,24.0,64.1,53.7,285.1,16.6,582.6,1017.3
2024-01-16 04:00:00,24.2,,24.6,61.9,59.1,393.9,44.1,767.3,1009.2
2024-01-16 05:00:00,23.5,21.8,27.7,63.9,52.9,,39.4,808.8,1013.7
2024-01-16 06:00:00,24.6,22.7,25.0,60.4,68.8,367.1,48.0,1027.0,1006.0
2024-01-16 07:00:00,24.0,,22.0,62.0,54.8,338.3,59.3,812.8,1009.5
2024-01-16 08:00:00,25.5,,25.8,55.1,57.6,227.9,38.0,988.9,1020.2
2024-01-16 09:00:00,24.7,23.5,25.3,55.0,55.3,246.4,49.5,821.7,1020.3
2024-01-16 10:00:00,24.3,24.4,25.7,60.7,60.5,370.1,47.0,766.3,1013.0
2024-01-16 11:00:00,26.0,20.8,23.9,59.7,57.9,341.2,47.3,669.7,1001.4
2024-01-16 12:00:00,23.6,24.6,25.2,63.9,64.1,304.3,41.3,674.4,1005.5
2024-01-16 13:00:00,21.1,26.6,24.4,57.5,60.4,,48.1,509.0,1005.7
2024-01-16 14:00:00,,24.3,24.2,59.5,65.4,336.0,55.3,904.1,1008.7
2024-01-16 15:00:00,,24.5,23.6,57.6,64.3,232.5,47.9,855.7,1019.4
2024-01-16 16:00:00,27.5,25.9,29.1,71.6,54.6,312.3,46.8,712.1,1010.4
2024-01-16 17:00:00,,25.1,23.2,65.0,70.5,307.9,35.8,860.8,1008.4
2024-01-16 18:00:00,26.5,,24.4,59.8,66.5,392.3,53.6,946.7,1005.4
2024-01-16 19:00:00,25.7,27.8,,57.6,54.3,302.6,53.7,931.2,1006.8
2024-01-16 20:00:00,27.8,23.6,26.5,59.0,63.5,,38.1,801.1,1020.3
2024-01-16 21:00:00,25.3,,23.6,71.1,61.2,282.6,31.2,917.8,1022.7
2024-01-16 22:00:00,24.6,26.9,25.1,57.8,67.5,276.8,44.4,653.9,1017.7
2024-01-16 23:00:00,22.4,,24.7,60.6,55.3,316.9,42.6,798.5,1018.3
2024-01-17 00:00:00,23.6,,24.5,60.7,63.7,252.5,49.8,1020.4,1018.4
2024-01-17 01:00:00,26.1,25.1,,56.1,51.3,296.4,49.6,677.2,1007.4
2024-01-17 02:00:00,21.2,27.5,,54.4,61.3,228.1,52.8,968.9,1016.7
2024-01-17 03:00:00,26.7,,23.0,57.4,63.5,382.1,50.0,819.8,1013.8
2024-01-17 04:00:00,28.0,,26.0,67.0,64.5,269.0,46.1,755.5,1017.4
2024-01-17 05:00:00,,24.8,26.0,56.7,57.5,297.0,61.8,1048.4,1010.9
2024-01-17 06:00:00,24.8,,26.0,52.2,61.2,335.6,72.5,815.8,1007.6
2024-01-17 07:00:00,24.7,25.0,25.0,63.7,66.2,258.9,31.7,674.4,1009.8
2024-01-17 08:00:00,26.9,,24.0,50.1,59.4,348.6,40.4,808.1,1014.9
2024-01-17 09:00:00,21.2,24.9,,57.4,65.9,250.1,42.2,618.7,1011.6
2024-01-17 10:00:00,22.5,25.4,23.2,65.0,51.0,217.8,34.2,673.3,1019.1
2024-01-17 11:00:00,22.7,27.6,26.5,63.9,62.5,302.0,43.9,1032.7,1019.5
2024-01-17 12:00:00,24.8,,23.4,55.8,57.7,258.4,40.5,946.2,1013.9
2024-01-17 13:00:00,25.0,,22.5,60.6,63.0,294.4,59.3,664.4,1011.9
2024-01-17 14:00:00,25.7,24.3,24.2,48.1,60.1,258.5,18.7,880.5,1008.6
2024-01-17 15:00:00,26.1,,26.5,64.1,60.2,351.6,32.4,769.7,1018.0
2024-01-17 16:00:00,23.6,22.9,23.7,57.1,58.5,,50.0,891.8,1007.6
2024-01-17 17:00:00,,25.5,21.1,61.9,58.8,337.9,42.8,832.5,1014.9
2024-01-17 18:00:00,25.7,,28.9,64.8,62.1,389.2,47.9,1030.5,1020.0
2024-01-17 19:00:00,24.6,25.9,24.9,57.7,67.0,,80.9,1001.7,1007.0
2024-01-17 20:00:00,25.1,25.7,27.3,56.5,58.3,294.0,52.0,960.2,1017.1
2024-01-17 21:00:00,26.2,20.4,,58.4,63.0,216.9,42.6,705.8,1009.7
2024-01-17 22:00:00,26.2,24.6,27.4,58.3,63.0,414.3,40.2,804.2,1012.4
2024-01-17 23:00:00,25.5,25.0,26.3,63.5,70.3,206.2,31.2,731.8,1013.7
2024-01-18 00:00:00,20.6,24.6,,60.8,53.0,374.6,47.0,835.2,1010.8
2024-01-18 01:00:00,26.5,29.8,26.7,54.1,58.8,416.9,32.6,968.6,1013.3
2024-01-18 02:00:00,28.3,25.7,,57.2,66.5,280.8,56.2,872.7,1003.1
2024-01-18 03:00:00,27.7,22.8,27.1,59.5,62.1,283.9,23.1,926.3,1013.9
2024-01-18 04:00:00,28.3,23.6,,62.2,58.3,213.4,58.2,607.1,1011.7
2024-01-18 05:00:00,23.9,23.8,26.3,58.8,60.8,284.3,53.6,787.3,1012.8
2024-01-18 06:00:00,23.7,,25.0,58.0,64.1,356.7,45.2,855.3,1011.0
2024-01-18 07:00:00,26.5,,23.4,62.7,67.7,312.0,40.1,923.2,1019.0
2024-01-18 08:00:00,23.2,27.9,,62.5,55.9,293.5,34.4,924.6,1018.6
2024-01-18 09:00:00,28.5,,25.8,68.2,54.5,357.5,55.6,930.7,1005.7
2024-01-18 10:00:00,25.3,,24.0,68.0,63.3,315.1,34.3,711.8,1013.0
2024-01-18 11:00:00,25.4,25.3,,60.0,70.8,261.0,44.7,735.1,1017.6
2024-01-18 12:00:00,22.5,24.3,,60.4,59.6,227.7,46.8,628.4,1011.2
2024-01-18 13:00:00,27.7,,24.2,54.6,57.0,316.6,42.3,838.4,1011.6
2024-01-18 14:00:00,25.6,,28.5,54.7,68.1,360.5,51.4,815.7,1007.3
2024-01-18 15:00:00,26.5,23.7,,57.3,55.9,260.1,51.2,719.2,1009.3
2024-01-18 16:00:00,26.2,22.6,,51.6,59.6,314.4,46.9,676.6,1014.8
2024-01-18 17:00:00,24.5,,24.0,60.6,63.5,320.3,29.6,696.0,1016.2
2024-01-18 18:00:00,,22.3,24.1,59.5,57.5,278.7,42.8,935.5,1019.9
2024-01-18 19:00:00,25.1,24.1,27.4,63.8,57.5,313.1,43.7,813.9,1004.4
2024-01-18 20:00:00,22.5,24.9,,54.2,57.9,424.1,48.0,755.9,1007.4
2024-01-18 21:00:00,,23.4,23.7,63.0,67.7,289.0,57.6,844.1,1007.8
2024-01-18 22:00:00,26.4,,22.1,51.2,54.7,297.2,35.2,776.7,1016.2
2024-01-18 23:00:00,23.2,22.3,22.2,56.0,61.6,247.3,58.4,1059.0,1017.0
2024-01-19 00:00:00,25.5,25.9,25.1,59.9,64.6,210.2,55.1,843.2,1002.1
2024-01-19 01:00:00,26.3,23.3,,57.5,67.4,294.6,41.8,593.9,1011.0
2024-01-19 02:00:00,22.1,23.6,27.4,68.2,61.7,291.9,35.7,798.2,1020.8
2024-01-19 03:00:00,25.9,21.9,23.1,61.8,62.4,331.8,37.0,668.5,1012.2
2024-01-19 04:00:00,24.4,27.0,,51.5,59.7,362.2,49.3,708.6,1003.2
2024-01-19 05:00:00,25.1,,23.9,59.8,48.8,367.1,53.7,687.1,1020.0
2024-01-19 06:00:00,21.5,,24.6,58.8,52.8,364.9,42.4,895.5,1016.8
2024-01-19 07:00:00,25.7,,23.5,59.9,68.0,348.4,36.3,997.7,1011.9
2024-01-19 08:00:00,25.6,,27.3,58.9,62.6,347.8,49.1,836.1,1012.6
2024-01-19 09:00:00,23.7,24.5,22.1,57.0,56.7,204.5,44.2,811.1,1010.1
2024-01-19 10:00:00,22.8,23.7,24.7,70.4,46.2,,48.7,826.9,1016.6
2024-01-19 11:00:00,25.4,25.8,,56.3,60.9,323.0,50.5,921.9,1019.6
2024-01-19 12:00:00,24.5,26.7,,57.1,60.9,352.2,44.2,839.0,1014.0
2024-01-19 13:00:00,24.0,25.9,25.4,62.8,52.8,257.2,47.2,664.3,1005.5
2024-01-19 14:00:00,,27.7,25.1,66.0,64.2,288.9,39.2,783.7,1013.8
2024-01-19 15:00:00,22.7,,24.4,66.3,57.3,263.2,51.4,818.4,1014.3
2024-01-19 16:00:00,24.1,23.4,23.8,45.8,60.7,302.4,32.5,892.9,1014.4
2024-01-19 17:00:00,25.5,,26.1,58.8,59.5,318.8,40.6,625.4,1015.4
2024-01-19 18:00:00,25.3,,24.1,66.1,57.6,237.7,45.4,735.5,1009.1
2024-01-19 19:00:00,27.6,23.9,24.9,62.3,59.3,243.5,37.0,805.3,1012.9
2024-01-19 20:00:00,23.0,,22.6,57.4,50.6,252.4,44.4,769.9,1011.0
2024-01-19 21:00:00,24.6,,23.9,61.0,66.2,258.6,61.8,937.3,1015.0
2024-01-19 22:00:00,25.8,27.0,23.0,57.0,63.5,332.0,59.8,,1015.4
2024-01-19 23:00:00,,27.1,25.9,59.5,58.7,224.7,40.7,840.2,1013.3
2024-01-20 00:00:00,26.6,27.1,23.5,68.7,64.4,,36.8,591.5,1008.5
2024-01-20 01:00:00,24.4,,25.8,60.2,62.1,287.9,46.1,719.4,1005.9
2024-01-20 02:00:00,24.6,25.3,25.9,53.4,71.2,,45.3,771.1,1012.1
2024-01-20 03:00:00,21.6,,22.2,55.0,61.7,401.3,42.2,855.7,1015.1
2024-01-20 04:00:00,26.0,27.7,25.4,67.5,62.0,410.0,43.7,852.5,1021.4
2024-01-20 05:00:00,20.9,26.1,25.6,58.6,58.7,322.3,42.3,866.1,1013.2
2024-01-20 06:00:00,21.8,25.6,23.5,53.3,58.9,304.2,49.9,772.3,1004.9
2024-01-20 07:00:00,24.8,,28.0,53.5,66.5,359.9,52.7,788.3,1010.0
2024-01-20 08:00:00,25.1,24.7,27.8,59.3,55.5,279.6,35.9,740.6,1021.7
2024-01-20 09:00:00,,24.9,22.5,57.7,60.5,330.3,66.5,833.3,1012.0
2024-01-20 10:00:00,25.8,20.9,25.0,62.9,65.6,323.4,47.7,971.8,1006.5
2024-01-20 11:00:00,26.6,26.1,24.9,53.8,51.1,186.9,45.1,714.2,1008.8
2024-01-20 12:00:00,28.7,26.9,26.9,58.5,57.8,324.3,51.8,928.1,1011.9
2024-01-20 13:00:00,25.3,,21.4,65.5,52.8,249.9,52.8,770.3,1014.3
2024-01-20 14:00:00,25.9,,25.7,66.8,63.8,339.2,39.2,703.8,1015.2
2024-01-20 15:00:00,22.6,25.3,,57.6,54.5,299.1,53.2,955.9,1011.6
2024-01-20 16:00:00,24.2,,26.6,57.7,59.0,428.2,53.3,771.3,1014.6
2024-01-20 17:00:00,20.0,,21.6,49.1,71.2,385.2,33.0,871.4,1011.7
2024-01-20 18:00:00,24.3,23.1,,58.2,71.2,282.6,45.9,863.2,1028.7
2024-01-20 19:00:00,23.1,,25.9,62.4,63.3,288.0,35.1,749.8,1014.0
2024-01-20 20:00:00,26.6,24.3,24.3,49.9,57.0,,43.8,773.5,1018.6
2024-01-20 21:00:00,24.2,,24.9,63.0,56.3,322.0,44.0,931.0,1016.8
2024-01-20 22:00:00,22.6,,21.5,60.9,67.1,173.1,39.1,722.5,1004.8
2024-01-20 23:00:00,,25.8,27.4,54.2,67.0,277.4,43.4,807.3,1008.4
2024-01-21 00:00:00,27.0,,24.9,66.7,53.1,281.2,49.2,846.1,1015.3
2024-01-21 01:00:00,24.1,25.2,25.9,63.4,61.5,348.4,55.2,755.4,1012.0
2024-01-21 02:00:00,21.3,23.5,26.3,55.4,56.9,,49.5,841.6,1018.6
2024-01-21 03:00:00,24.9,26.0,19.5,51.3,70.5,241.1,39.8,655.0,1000.6
2024-01-21 04:00:00,29.3,25.9,22.9,55.8,66.9,307.2,28.5,811.9,1000.4
2024-01-21 05:00:00,22.7,23.9,,66.1,75.5,279.2,34.9,683.4,1022.8
2024-01-21 06:00:00,29.5,26.6,21.6,57.4,58.3,279.3,36.4,748.7,1005.9
2024-01-21 07:00:00,26.0,24.3,27.3,58.8,57.9,324.0,39.3,869.0,1025.4
2024-01-21 08:00:00,24.2,22.8,22.7,59.4,48.2,,43.1,986.9,1007.9
2024-01-21 09:00:00,26.8,,26.4,62.9,62.8,319.8,31.1,792.8,1018.1
2024-01-21 10:00:00,24.0,25.7,26.2,63.9,60.9,329.9,74.9,692.2,1017.5
2024-01-21 11:00:00,27.0,,24.8,57.2,64.8,269.5,70.6,840.0,1016.5
2024-01-21 12:00:00,26.9,,27.0,65.8,64.5,231.6,58.6,1048.2,1011.6
2024-01-21 13:00:00,24.1,,25.6,61.9,65.1,310.9,41.5,691.6,1017.3
2024-01-21 14:00:00,27.0,22.6,25.6,65.7,54.3,,43.6,791.0,1006.0
2024-01-21 15:00:00,25.6,23.2,23.5,56.4,52.6,309.6,34.1,766.2,1016.6
2024-01-21 16:00:00,27.0,24.9,,61.8,52.5,272.9,31.3,787.7,1004.9
2024-01-21 17:00:00,27.3,,26.2,58.2,54.5,293.9,58.3,896.4,1010.2
2024-01-21 18:00:00,26.8,24.0,26.6,65.9,64.0,284.0,44.5,705.3,1009.6
2024-01-21 19:00:00,24.2,26.5,,65.0,68.7,366.2,52.8,798.6,1009.9
